{
	"$schema": "https://schemas.wp.org/wp/6.2/theme.json",
	"customTemplates": [
		{
			"name": "blank",
			"postTypes": [
				"page",
				"post"
			],
			"title": "Blank"
		},
		{
			"name": "blog-alternative",
			"postTypes": [
				"page"
			],
			"title": "Blog (Alternative)"
		},
		{
			"name": "404",
			"postTypes": [
				"page"
			],
			"title": "404"
		}
	],
	"settings": {
		"appearanceTools": true,
		"color": {
			"palette": [
				{
					"color": "#ffffff",
					"name": "Base",
					"slug": "base"
				},
				{
					"color": "#000000",
					"name": "Contrast",
					"slug": "contrast"
				},
				{
					"color": "#9DFF20",
					"name": "Primary",
					"slug": "primary"
				},
				{
					"color": "#345C00",
					"name": "Secondary",
					"slug": "secondary"
				},
				{
					"color": "#F6F6F6",
					"name": "Tertiary",
					"slug": "tertiary"
				}
			]
		},
		"layout": {
			"contentSize": "650px",
			"wideSize": "1200px"
		},
		"spacing": {
			"spacingScale": {
				"steps": 0
			},
			"spacingSizes": [
				{
					"name": "1",
					"size": "clamp(1.5rem, 5vw, 2rem)",
					"slug": "30"
				},
				{
					"name": "2",
					"size": "clamp(1.8rem, 1.8rem + ((1vw - 0.48rem) * 2.885), 3rem)",
					"slug": "40"
				},
				{
					"name": "3",
					"size": "clamp(2.5rem, 8vw, 4.5rem)",
					"slug": "50"
				},
				{
					"name": "4",
					"size": "clamp(3.75rem, 10vw, 7rem)",
					"slug": "60"
				},
				{
					"name": "5",
					"size": "clamp(5rem, 5.25rem + ((1vw - 0.48rem) * 9.096), 8rem)",
					"slug": "70"
				},
				{
					"name": "6",
					"size": "clamp(7rem, 14vw, 11rem)",
					"slug": "80"
				}
			],
			"units": [
				"%",
				"px",
				"em",
				"rem",
				"vh",
				"vw"
			]
		},
		"typography": {
			"dropCap": false,
			"fluid": true,
			"fontFamilies": [
				{
					"fontFace": [
						{
							"fontFamily": "DM Sans",
							"fontStretch": "normal",
							"fontStyle": "normal",
							"fontWeight": "400",
							"src": [
								"file:./assets/fonts/dm-sans/DMSans-Regular.woff2"
							]
						},
						{
							"fontFamily": "DM Sans",
							"fontStretch": "normal",
							"fontStyle": "italic",
							"fontWeight": "400",
							"src": [
								"file:./assets/fonts/dm-sans/DMSans-Regular-Italic.woff2"
							]
						},
						{
							"fontFamily": "DM Sans",
							"fontStretch": "normal",
							"fontStyle": "normal",
							"fontWeight": "700",
							"src": [
								"file:./assets/fonts/dm-sans/DMSans-Bold.woff2"
							]
						},
						{
							"fontFamily": "DM Sans",
							"fontStretch": "normal",
							"fontStyle": "italic",
							"fontWeight": "700",
							"src": [
								"file:./assets/fonts/dm-sans/DMSans-Bold-Italic.woff2"
							]
						}
					],
					"fontFamily": "\"DM Sans\", sans-serif",
					"name": "DM Sans",
					"slug": "dm-sans"
				},
				{
					"fontFace": [
						{
							"fontDisplay": "block",
							"fontFamily": "IBM Plex Mono",
							"fontStretch": "normal",
							"fontStyle": "normal",
							"fontWeight": "300",
							"src": [
								"file:./assets/fonts/ibm-plex-mono/IBMPlexMono-Light.woff2"
							]
						},
						{
							"fontDisplay": "block",
							"fontFamily": "IBM Plex Mono",
							"fontStretch": "normal",
							"fontStyle": "normal",
							"fontWeight": "400",
							"src": [
								"file:./assets/fonts/ibm-plex-mono/IBMPlexMono-Regular.woff2"
							]
						},
						{
							"fontDisplay": "block",
							"fontFamily": "IBM Plex Mono",
							"fontStretch": "normal",
							"fontStyle": "italic",
							"fontWeight": "400",
							"src": [
								"file:./assets/fonts/ibm-plex-mono/IBMPlexMono-Italic.woff2"
							]
						},
						{
							"fontDisplay": "block",
							"fontFamily": "IBM Plex Mono",
							"fontStretch": "normal",
							"fontStyle": "normal",
							"fontWeight": "700",
							"src": [
								"file:./assets/fonts/ibm-plex-mono/IBMPlexMono-Bold.woff2"
							]
						}
					],
					"fontFamily": "'IBM Plex Mono', monospace",
					"name": "IBM Plex Mono",
					"slug": "ibm-plex-mono"
				},
				{
					"fontFace": [
						{
							"fontFamily": "Inter",
							"fontStretch": "normal",
							"fontStyle": "normal",
							"fontWeight": "200 900",
							"src": [
								"file:./assets/fonts/inter/Inter-VariableFont_slnt,wght.ttf"
							]
						}
					],
					"fontFamily": "\"Inter\", sans-serif",
					"name": "Inter",
					"slug": "inter"
				},
				{
					"fontFamily": "-apple-system,BlinkMacSystemFont,\"Segoe UI\",Roboto,Oxygen-Sans,Ubuntu,Cantarell,\"Helvetica Neue\",sans-serif",
					"name": "System Font",
					"slug": "system-font"
				},
				{
					"fontFace": [
						{
							"fontFamily": "Source Serif Pro",
							"fontStretch": "normal",
							"fontStyle": "normal",
							"fontWeight": "200 900",
							"src": [
								"file:./assets/fonts/source-serif-pro/SourceSerif4Variable-Roman.ttf.woff2"
							]
						},
						{
							"fontFamily": "Source Serif Pro",
							"fontStretch": "normal",
							"fontStyle": "italic",
							"fontWeight": "200 900",
							"src": [
								"file:./assets/fonts/source-serif-pro/SourceSerif4Variable-Italic.ttf.woff2"
							]
						}
					],
					"fontFamily": "\"Source Serif Pro\", serif",
					"name": "Source Serif Pro",
					"slug": "source-serif-pro"
				}
			],
			"fontSizes": [
				{
					"fluid": {
						"max": "1rem",
						"min": "0.875rem"
					},
					"size": "1rem",
					"slug": "small"
				},
				{
					"fluid": {
						"max": "1.125rem",
						"min": "1rem"
					},
					"size": "1.125rem",
					"slug": "medium"
				},
				{
					"fluid": {
						"max": "1.875rem",
						"min": "1.75rem"
					},
					"size": "1.75rem",
					"slug": "large"
				},
				{
					"fluid": false,
					"size": "2.25rem",
					"slug": "x-large"
				},
				{
					"fluid": {
						"max": "10rem",
						"min": "4rem"
					},
					"size": "10rem",
					"slug": "xx-large"
				}
			]
		},
		"useRootPaddingAwareAlignments": true
	},
	"styles": {
		"blocks": {
			"core/comment-author-name": {
				"elements": {
					"link": {
						":active": {
							"color": {
								"text": "var(--wp--preset--color--secondary)"
							},
							"typography": {
								"textDecoration": "none"
							}
						},
						":focus": {
							"typography": {
								"textDecoration": "underline dashed"
							}
						},
						":hover": {
							"typography": {
								"textDecoration": "underline"
							}
						},
						"typography": {
							"textDecoration": "none"
						}
					}
				}
			},
			"core/comment-date": {
				"elements": {
					"link": {
						":active": {
							"color": {
								"text": "var(--wp--preset--color--secondary)"
							},
							"typography": {
								"textDecoration": "none"
							}
						},
						":focus": {
							"typography": {
								"textDecoration": "underline dashed"
							}
						},
						":hover": {
							"typography": {
								"textDecoration": "underline"
							}
						},
						"typography": {
							"textDecoration": "none"
						}
					}
				},
				"typography": {
					"fontSize": "var(--wp--preset--font-size--small)"
				}
			},
			"core/comment-edit-link": {
				"typography": {
					"fontSize": "var(--wp--preset--font-size--small)"
				}
			},
			"core/comment-reply-link": {
				"typography": {
					"fontSize": "var(--wp--preset--font-size--small)"
				}
			},
			"core/comments-pagination": {
				"elements": {
					"link": {
						"typography": {
							"textDecoration": "none"
						}
					}
				},
				"spacing": {
					"margin": {
						"top": "var(--wp--preset--spacing--40)"
					}
				}
			},
			"core/comments-title": {
				"spacing": {
					"margin": {
						"bottom": "var(--wp--preset--spacing--40)"
					}
				},
				"typography": {
					"fontSize": "var(--wp--preset--font-size--large)"
				}
			},
			"core/navigation": {
				"elements": {
					"link": {
						":active": {
							"typography": {
								"textDecoration": "none"
							}
						},
						":focus": {
							"typography": {
								"textDecoration": "underline dashed"
							}
						},
						":hover": {
							"typography": {
								"textDecoration": "underline"
							}
						},
						"typography": {
							"textDecoration": "none"
						}
					}
				},
				"typography": {
					"fontSize": "var(--wp--preset--font-size--small)"
				}
			},
			"core/post-author": {
				"typography": {
					"fontSize": "var(--wp--preset--font-size--small)"
				}
			},
			"core/post-content": {
				"elements": {
					"link": {
						"color": {
							"text": "var(--wp--preset--color--secondary)"
						}
					}
				}
			},
			"core/post-date": {
				"elements": {
					"link": {
						":hover": {
							"typography": {
								"textDecoration": "underline"
							}
						},
						"typography": {
							"textDecoration": "none"
						}
					}
				},
				"typography": {
					"fontSize": "var(--wp--preset--font-size--small)",
					"fontWeight": "400"
				}
			},
			"core/post-excerpt": {
				"typography": {
					"fontSize": "var(--wp--preset--font-size--medium)"
				}
			},
			"core/post-terms": {
				"typography": {
					"fontSize": "var(--wp--preset--font-size--small)"
				}
			},
			"core/post-title": {
				"elements": {
					"link": {
						":active": {
							"color": {
								"text": "var(--wp--preset--color--secondary)"
							},
							"typography": {
								"textDecoration": "none"
							}
						},
						":focus": {
							"typography": {
								"textDecoration": "underline dashed"
							}
						},
						":hover": {
							"typography": {
								"textDecoration": "underline"
							}
						},
						"typography": {
							"textDecoration": "none"
						}
					}
				},
				"spacing": {
					"margin": {
						"bottom": "1.25rem",
						"top": "1.25rem"
					}
				},
				"typography": {
					"fontWeight": "400"
				}
			},
			"core/pullquote": {
				"border": {
					"style": "solid",
					"width": "1px 0"
				},
				"elements": {
					"cite": {
						"typography": {
							"fontSize": "var(--wp--preset--font-size--small)",
							"fontStyle": "normal",
							"textTransform": "none"
						}
					}
				},
				"spacing": {
					"margin": {
						"bottom": "var(--wp--preset--spacing--40) !important",
						"top": "var(--wp--preset--spacing--40) !important"
					}
				},
				"typography": {
					"lineHeight": "1.3"
				}
			},
			"core/query": {
				"elements": {
					"h2": {
						"typography": {
							"fontSize": "var(--wp--preset--font-size--x-large)"
						}
					}
				}
			},
			"core/query-pagination": {
				"elements": {
					"link": {
						":hover": {
							"typography": {
								"textDecoration": "underline"
							}
						},
						"typography": {
							"textDecoration": "none"
						}
					}
				},
				"typography": {
					"fontSize": "var(--wp--preset--font-size--small)",
					"fontWeight": "400"
				}
			},
			"core/quote": {
				"border": {
					"width": "1px"
				},
				"elements": {
					"cite": {
						"typography": {
							"fontSize": "var(--wp--preset--font-size--small)",
							"fontStyle": "normal"
						}
					}
				},
				"spacing": {
					"padding": {
						"left": "var(--wp--preset--spacing--30)",
						"right": "var(--wp--preset--spacing--30)"
					}
				}
			},
			"core/site-title": {
				"elements": {
					"link": {
						":active": {
							"color": {
								"text": "var(--wp--preset--color--secondary)"
							},
							"typography": {
								"textDecoration": "none"
							}
						},
						":focus": {
							"typography": {
								"textDecoration": "underline dashed"
							}
						},
						":hover": {
							"typography": {
								"textDecoration": "underline"
							}
						},
						"typography": {
							"textDecoration": "none"
						}
					}
				},
				"typography": {
					"fontSize": "var(--wp--preset--font-size--medium)",
					"fontWeight": "normal",
					"lineHeight": "1.4"
				}
			}
		},
		"color": {
			"background": "var(--wp--preset--color--base)",
			"text": "var(--wp--preset--color--contrast)"
		},
		"elements": {
			"button": {
				":active": {
					"color": {
						"background": "var(--wp--preset--color--secondary)",
						"text": "var(--wp--preset--color--base)"
					}
				},
				":focus": {
					"color": {
						"background": "var(--wp--preset--color--contrast)",
						"text": "var(--wp--preset--color--base)"
					}
				},
				":hover": {
					"color": {
						"background": "var(--wp--preset--color--contrast)",
						"text": "var(--wp--preset--color--base)"
					}
				},
				":visited": {
					"color": {
						"text": "var(--wp--preset--color--contrast)"
					}
				},
				"border": {
					"radius": "0"
				},
				"color": {
					"background": "var(--wp--preset--color--primary)",
					"text": "var(--wp--preset--color--contrast)"
				}
			},
			"h1": {
				"typography": {
					"fontSize": "3.625rem",
					"lineHeight": "1.2"
				}
			},
			"h2": {
				"typography": {
					"fontSize": "clamp(2.625rem, calc(2.625rem + ((1vw - 0.48rem) * 8.4135)), 3.25rem)",
					"lineHeight": "1.2"
				}
			},
			"h3": {
				"typography": {
					"fontSize": "var(--wp--preset--font-size--x-large)"
				}
			},
			"h4": {
				"typography": {
					"fontSize": "var(--wp--preset--font-size--large)"
				}
			},
			"h5": {
				"typography": {
					"fontSize": "var(--wp--preset--font-size--medium)",
					"fontWeight": "700",
					"textTransform": "uppercase"
				}
			},
			"h6": {
				"typography": {
					"fontSize": "var(--wp--preset--font-size--medium)",
					"textTransform": "uppercase"
				}
			},
			"heading": {
				"typography": {
					"fontWeight": "400",
					"lineHeight": "1.4"
				}
			},
			"link": {
				":active": {
					"color": {
						"text": "var(--wp--preset--color--secondary)"
					},
					"typography": {
						"textDecoration": "none"
					}
				},
				":focus": {
					"typography": {
						"textDecoration": "underline dashed"
					}
				},
				":hover": {
					"typography": {
						"textDecoration": "none"
					}
				},
				"color": {
					"text": "var(--wp--preset--color--contrast)"
				},
				"typography": {
					"textDecoration": "underline"
				}
			}
		},
		"spacing": {
			"blockGap": "1.5rem",
			"padding": {
				"bottom": "var(--wp--preset--spacing--40)",
				"left": "var(--wp--preset--spacing--30)",
				"right": "var(--wp--preset--spacing--30)",
				"top": "var(--wp--preset--spacing--40)"
			}
		},
		"typography": {
			"fontFamily": "var(--wp--preset--font-family--system-font)",
			"fontSize": "var(--wp--preset--font-size--medium)",
			"lineHeight": "1.6"
		}
	},
	"templateParts": [
		{
			"area": "header",
			"name": "header",
			"title": "Header"
		},
		{
			"area": "footer",
			"name": "footer",
			"title": "Footer"
		},
		{
			"area": "uncategorized",
			"name": "comments",
			"title": "Comments"
		},
		{
			"area": "uncategorized",
			"name": "post-meta",
			"title": "Post Meta"
		}
	],
	"version": 2
}